userid;name
1;Marcia Trevino
2;Cooper Floyd
3;Ian Flowers
4;Beatrice Holloway
5;Penelope Heath
6;Aimee Wilder
7;Carla Crosby
8;Alvin Shaffer
9;Kimberly Kennedy
10;Kieran Huff
11;Victoria Osborne
12;Tanner Mcneil
13;Nicholas Carrillo
14;Berk Carver
15;Renee Crosby
16;Joelle Carrillo
17;Juliet Huber
18;Yolanda Acosta
19;Amity Flowers
20;Reese Graves
21;Blossom Maddox
22;Ainsley Whitehead
23;Nita Petty
24;Shea Joyce
25;Genevieve Hess
26;Kaseem Dotson
27;Jeremy Randall
28;Barry Wilkins
29;Ryder Farrell
30;Bertha Price
31;Ruth Norris
32;Laura Gibson
33;Vincent Castillo
34;Emma Norman
35;Shelley Charles
36;Steven Casey
37;Davis Davidson
38;Shelly Barr
39;Jesse Dunlap
40;Hammett Lloyd
41;Hilda Wilkins
42;Aphrodite David
43;Cheryl Lane
44;Fleur Beasley
45;Zeus Acevedo
46;Mark Mccormick
47;Karyn Rowe
48;Brittany Potts
49;Ignatius Welch
50;Solomon Workman
51;Iona Wallace
52;Price Fitzpatrick
53;Indira Page
54;Wayne Jarvis
55;Janna White
56;Dylan Reid
57;Laurel Castro
58;Kevin Hinton
59;Naida Hobbs
60;Cathleen Melendez
61;Jarrod Knapp
62;Catherine Gilliam
63;Shad Brock
64;Calvin Lloyd
65;Alisa Jensen
66;Tamekah Avery
67;Walter Duran
68;Kadeem Blackwell
69;Rogan Griffin
70;Theodore Tyler
71;Cedric Benson
72;Velma Bridges
73;Celeste Ochoa
74;Ethan Gonzalez
75;Gillian Hester
76;Rogan Wilkins
77;Quentin Melton
78;Gary Cobb
79;Owen Mills
80;Brynn Dalton
81;Maxwell Montgomery
82;Sylvester Leach
83;Destiny Buckner
84;Brenden Mays
85;Isabella Alvarez
86;Todd Hester
87;Dorian Wilkins
88;Tanek Maddox
89;Holly Ross
90;Cooper Shelton
91;Kimberley Brock
92;Leigh Chaney
93;Phillip Shannon
94;Igor Vance
95;Sandra Lamb
96;Daphne Simpson
97;Yardley Cervantes
98;Alma Hart
99;Lana Bryan
100;Wade Campbell
123;gouki
